category,file_or_name,detail
no_inbound,src.cli_cases,
no_inbound,src.constants,
no_inbound,src.orientation,
no_inbound,src.paths,
no_inbound,src.util.offsets,
never_imported_by_tests,src.cli_cases,
never_imported_by_tests,src.constants,
never_imported_by_tests,src.orientation,
never_imported_by_tests,src.paths,
never_imported_by_tests,src.util.offsets,
duplicate_helper,compute_panel_corners,'src\viz\display_geom.py|src\viz\display_geom.py|src\viz\display_geom.py'
duplicate_helper,__init__,'src\viz\plot3d.py|src\viz\plots.py'